                  epoch,         train/box_loss,         train/cls_loss,         train/dfl_loss,   metrics/precision(B),      metrics/recall(B),       metrics/mAP50(B),    metrics/mAP50-95(B),           val/box_loss,           val/cls_loss,           val/dfl_loss,                 lr/pg0,                 lr/pg1,                 lr/pg2
                      1,                 0.1397,                 1.7876,                0.94107,                0.37054,                0.66912,                0.44442,                0.44408,                0.14695,                  1.311,                0.31691,             0.00027741,             0.00027741,             0.00027741
                      2,                 0.0877,                 1.4121,                0.90034,                0.50201,                0.58133,                0.50435,                0.50163,                0.13774,                 1.2317,                0.30047,             0.00044517,             0.00044517,             0.00044517
                      3,                0.07363,                  1.352,                0.89326,                0.41488,                0.68647,                0.55846,                0.55829,                 0.1255,                 1.1437,                0.28233,             0.00050298,             0.00050298,             0.00050298
                      4,                 0.0593,                 1.2957,                0.89189,                0.51422,                0.67575,                0.59919,                0.59919,                0.09963,                 1.0826,                0.24644,              0.0003382,              0.0003382,              0.0003382
                      5,                0.04659,                 1.2276,                0.88961,                0.59876,                0.66457,                0.66882,                0.66832,                0.14091,                0.95516,                0.29287,             0.00017326,             0.00017326,             0.00017326
